{
  "HTTP Req01-1" : {
    "transaction" : "HTTP Req01-1",
    "sampleCount" : 10,
    "errorCount" : 0,
    "errorPct" : 0.0,
    "meanResTime" : 4257.7,
    "medianResTime" : 4263.0,
    "minResTime" : 3142.0,
    "maxResTime" : 5632.0,
    "pct1ResTime" : 5550.0,
    "pct2ResTime" : 5632.0,
    "pct3ResTime" : 5632.0,
    "throughput" : 0.7831466833737959,
    "receivedKBytesPerSec" : 27.530206212311064,
    "sentKBytesPerSec" : 0.10477646056856449
  },
  "HTTP Req02-0" : {
    "transaction" : "HTTP Req02-0",
    "sampleCount" : 10,
    "errorCount" : 0,
    "errorPct" : 0.0,
    "meanResTime" : 3868.2999999999997,
    "medianResTime" : 3728.0,
    "minResTime" : 3076.0,
    "maxResTime" : 4504.0,
    "pct1ResTime" : 4504.0,
    "pct2ResTime" : 4504.0,
    "pct3ResTime" : 4504.0,
    "throughput" : 0.7694675284702985,
    "receivedKBytesPerSec" : 0.7318958718067098,
    "sentKBytesPerSec" : 0.09468057479224376
  },
  "HTTP Req01-0" : {
    "transaction" : "HTTP Req01-0",
    "sampleCount" : 10,
    "errorCount" : 0,
    "errorPct" : 0.0,
    "meanResTime" : 3350.4,
    "medianResTime" : 2930.0,
    "minResTime" : 2123.0,
    "maxResTime" : 5568.0,
    "pct1ResTime" : 5458.200000000001,
    "pct2ResTime" : 5568.0,
    "pct3ResTime" : 5568.0,
    "throughput" : 1.011020119300374,
    "receivedKBytesPerSec" : 0.9715271458902032,
    "sentKBytesPerSec" : 0.13427610959458094
  },
  "HTTP Req03-1" : {
    "transaction" : "HTTP Req03-1",
    "sampleCount" : 10,
    "errorCount" : 0,
    "errorPct" : 0.0,
    "meanResTime" : 3625.2000000000003,
    "medianResTime" : 3742.0,
    "minResTime" : 1543.0,
    "maxResTime" : 4918.0,
    "pct1ResTime" : 4877.1,
    "pct2ResTime" : 4918.0,
    "pct3ResTime" : 4918.0,
    "throughput" : 1.016260162601626,
    "receivedKBytesPerSec" : 35.037157012195124,
    "sentKBytesPerSec" : 0.12306275406504065
  },
  "HTTP Req02-1" : {
    "transaction" : "HTTP Req02-1",
    "sampleCount" : 10,
    "errorCount" : 0,
    "errorPct" : 0.0,
    "meanResTime" : 5831.699999999999,
    "medianResTime" : 5991.0,
    "minResTime" : 4710.0,
    "maxResTime" : 6653.0,
    "pct1ResTime" : 6653.0,
    "pct2ResTime" : 6653.0,
    "pct3ResTime" : 6653.0,
    "throughput" : 0.6591957811470006,
    "receivedKBytesPerSec" : 36.344926767468685,
    "sentKBytesPerSec" : 0.08175572676334872
  },
  "HTTP Req03-0" : {
    "transaction" : "HTTP Req03-0",
    "sampleCount" : 10,
    "errorCount" : 0,
    "errorPct" : 0.0,
    "meanResTime" : 3253.1,
    "medianResTime" : 3073.0,
    "minResTime" : 2251.0,
    "maxResTime" : 4194.0,
    "pct1ResTime" : 4183.3,
    "pct2ResTime" : 4194.0,
    "pct3ResTime" : 4194.0,
    "throughput" : 0.9057150620414818,
    "receivedKBytesPerSec" : 0.9012926252151073,
    "sentKBytesPerSec" : 0.1087919459288108
  },
  "HTTP Req03" : {
    "transaction" : "HTTP Req03",
    "sampleCount" : 10,
    "errorCount" : 0,
    "errorPct" : 0.0,
    "meanResTime" : 6878.900000000001,
    "medianResTime" : 7317.5,
    "minResTime" : 3794.0,
    "maxResTime" : 8090.0,
    "pct1ResTime" : 8027.6,
    "pct2ResTime" : 8090.0,
    "pct3ResTime" : 8090.0,
    "throughput" : 0.7946598855689765,
    "receivedKBytesPerSec" : 28.18792092140814,
    "sentKBytesPerSec" : 0.19168065599173553
  },
  "Total" : {
    "transaction" : "Total",
    "sampleCount" : 90,
    "errorCount" : 0,
    "errorPct" : 0.0,
    "meanResTime" : 5374.944444444445,
    "medianResTime" : 4559.5,
    "minResTime" : 1543.0,
    "maxResTime" : 11200.0,
    "pct1ResTime" : 9417.1,
    "pct2ResTime" : 10005.000000000002,
    "pct3ResTime" : 11200.0,
    "throughput" : 3.1318509238960224,
    "receivedKBytesPerSec" : 88.85573531074921,
    "sentKBytesPerSec" : 0.5253734297247451
  },
  "HTTP Req02" : {
    "transaction" : "HTTP Req02",
    "sampleCount" : 10,
    "errorCount" : 0,
    "errorPct" : 0.0,
    "meanResTime" : 9700.0,
    "medianResTime" : 9497.0,
    "minResTime" : 9214.0,
    "maxResTime" : 10253.0,
    "pct1ResTime" : 10251.4,
    "pct2ResTime" : 10253.0,
    "pct3ResTime" : 10253.0,
    "throughput" : 0.525154920701607,
    "receivedKBytesPerSec" : 29.454062483588906,
    "sentKBytesPerSec" : 0.12975019036865873
  },
  "HTTP Req01" : {
    "transaction" : "HTTP Req01",
    "sampleCount" : 10,
    "errorCount" : 0,
    "errorPct" : 0.0,
    "meanResTime" : 7609.200000000001,
    "medianResTime" : 7333.0,
    "minResTime" : 5565.0,
    "maxResTime" : 11200.0,
    "pct1ResTime" : 11008.2,
    "pct2ResTime" : 11200.0,
    "pct3ResTime" : 11200.0,
    "throughput" : 0.6442053726728081,
    "receivedKBytesPerSec" : 23.264998912903433,
    "sentKBytesPerSec" : 0.17174615892546544
  }
}
